CVE,Published,Modified,Status
CVE-2021-22530,2024-08-28T07:15:06.750,2024-08-28T12:57:17.117,Undergoing Analysis
CVE-2022-42826,2023-02-27T20:15:12.537,2023-05-30T06:15:28.610,Undergoing Analysis
CVE-2022-22590,2022-03-18T18:15:12.623,2022-09-09T20:43:04.573,Undergoing Analysis
CVE-2022-4536,2024-08-31T09:15:04.707,2024-09-03T12:59:02.453,Undergoing Analysis
CVE-2022-4539,2024-08-31T10:15:04.257,2024-09-03T12:59:02.453,Undergoing Analysis
CVE-2022-4100,2024-08-31T09:15:03.720,2024-09-03T12:59:02.453,Undergoing Analysis
CVE-2022-48780,2024-07-16T12:15:03.143,2024-07-16T13:43:58.773,Undergoing Analysis
CVE-2022-48774,2024-07-16T12:15:02.717,2024-07-16T13:43:58.773,Undergoing Analysis
CVE-2022-31696,2022-12-13T16:15:19.733,2023-08-08T14:21:49.707,Undergoing Analysis
CVE-2012-1661,2012-07-12T21:55:04.750,2012-07-16T04:00:00.000,Undergoing Analysis
CVE-2023-52177,2024-06-12T09:15:16.067,2024-07-18T19:54:16.287,Undergoing Analysis
CVE-2023-5633,2023-10-23T22:15:09.430,2024-07-24T16:15:05.527,Undergoing Analysis
CVE-2023-42282,2024-02-08T17:15:10.840,2024-07-03T22:15:02.190,Undergoing Analysis
CVE-2023-48171,2024-08-12T20:15:08.213,2024-08-13T19:35:01.050,Undergoing Analysis
CVE-2023-37232,2024-09-10T16:15:18.497,2024-09-10T20:35:01.567,Undergoing Analysis
CVE-2023-37233,2024-09-10T16:15:18.570,2024-09-10T21:35:02.950,Undergoing Analysis
CVE-2023-37234,2024-09-10T16:15:18.647,2024-09-11T15:35:04.903,Undergoing Analysis
CVE-2023-37847,2023-08-14T12:15:09.593,2023-08-18T03:21:16.680,Undergoing Analysis
CVE-2023-31746,2023-06-14T21:15:09.610,2023-06-26T13:50:53.057,Undergoing Analysis
CVE-2023-3408,2024-08-17T09:15:06.420,2024-08-19T13:00:23.117,Undergoing Analysis
CVE-2023-3409,2024-08-17T09:15:06.790,2024-08-19T13:00:23.117,Undergoing Analysis
CVE-2023-51370,2024-02-12T07:15:09.637,2024-02-12T14:20:03.287,Undergoing Analysis
CVE-2023-27932,2023-05-08T20:15:17.247,2023-07-27T04:15:17.383,Undergoing Analysis
CVE-2023-50883,2024-09-09T20:15:03.640,2024-09-10T15:35:05.733,Undergoing Analysis
CVE-2023-41884,2024-08-12T20:15:07.917,2024-08-13T12:58:25.437,Undergoing Analysis
CVE-2023-45802,2023-10-23T07:15:11.330,2024-06-10T17:16:14.907,Undergoing Analysis
CVE-2023-43953,2023-10-03T21:15:10.573,2023-10-04T18:27:51.783,Undergoing Analysis
CVE-2023-7256,2024-08-31T00:15:05.240,2024-09-03T12:59:02.453,Undergoing Analysis
CVE-2023-20578,2024-08-13T17:15:19.510,2024-08-14T02:07:05.410,Undergoing Analysis
CVE-2023-32423,2023-06-23T18:15:13.677,2023-07-27T04:15:37.870,Undergoing Analysis
CVE-2024-45311,2024-09-02T18:15:37.373,2024-09-03T12:59:02.453,Undergoing Analysis
CVE-2024-45388,2024-09-02T18:15:38.063,2024-09-03T12:59:02.453,Undergoing Analysis
CVE-2024-45394,2024-09-03T21:15:16.350,2024-09-04T13:05:36.067,Undergoing Analysis
CVE-2024-45313,2024-09-02T18:15:37.850,2024-09-03T12:59:02.453,Undergoing Analysis
CVE-2024-45312,2024-09-02T18:15:37.580,2024-09-03T12:59:02.453,Undergoing Analysis
CVE-2024-7029,2024-08-02T15:16:37.163,2024-08-30T21:15:14.420,Undergoing Analysis
CVE-2024-43820,2024-08-17T10:15:08.207,2024-08-19T12:59:59.177,Undergoing Analysis
CVE-2024-43230,2024-08-26T21:15:24.987,2024-08-27T13:01:52.723,Undergoing Analysis
CVE-2024-43251,2024-08-26T21:15:25.193,2024-08-27T13:01:52.723,Undergoing Analysis
CVE-2024-43276,2024-08-18T14:15:06.787,2024-08-19T12:59:59.177,Undergoing Analysis
CVE-2024-43238,2024-08-18T14:15:06.583,2024-08-19T12:59:59.177,Undergoing Analysis
CVE-2024-43255,2024-08-26T21:15:25.427,2024-08-27T13:01:52.723,Undergoing Analysis
CVE-2024-5567,2024-09-13T07:15:06.113,2024-09-13T07:15:06.113,Received
CVE-2024-41716,2024-09-04T01:15:11.747,2024-09-04T13:05:36.067,Undergoing Analysis
CVE-2024-22855,2024-06-12T17:15:49.913,2024-07-22T20:12:59.693,Undergoing Analysis
CVE-2024-3056,2024-08-02T21:16:30.950,2024-08-05T12:41:45.957,Undergoing Analysis
CVE-2024-41927,2024-09-04T01:15:11.827,2024-09-04T13:05:36.067,Undergoing Analysis
CVE-2024-5179,2024-06-06T02:15:54.487,2024-08-06T12:10:17.047,Undergoing Analysis
CVE-2024-28166,2024-08-13T04:15:06.867,2024-08-13T12:58:25.437,Undergoing Analysis
CVE-2024-28100,2024-09-02T18:15:22.770,2024-09-03T12:59:02.453,Undergoing Analysis
CVE-2024-7447,2024-08-28T12:15:06.620,2024-08-28T12:57:17.117,Undergoing Analysis
CVE-2024-7420,2024-08-15T03:15:04.830,2024-08-15T13:01:10.150,Undergoing Analysis
CVE-2024-40334,2024-07-10T13:15:10.760,2024-08-01T13:57:11.203,Undergoing Analysis
CVE-2024-37624,2024-06-17T14:15:11.680,2024-07-18T20:58:16.307,Undergoing Analysis
CVE-2024-6446,2024-09-12T17:15:05.557,2024-09-12T18:14:03.913,Undergoing Analysis
CVE-2024-6493,2024-09-13T06:15:15.200,2024-09-13T06:15:15.200,Received
CVE-2024-33897,2024-08-06T14:16:03.870,2024-08-12T16:15:15.177,Undergoing Analysis
CVE-2024-8304,2024-08-29T15:15:35.070,2024-08-30T13:00:05.390,Undergoing Analysis
CVE-2024-8368,2024-09-01T05:15:12.187,2024-09-03T12:59:02.453,Undergoing Analysis
CVE-2024-8338,2024-08-30T15:15:19.973,2024-09-03T12:59:02.453,Undergoing Analysis
CVE-2024-8302,2024-08-29T14:15:09.530,2024-08-30T13:00:05.390,Undergoing Analysis
CVE-2024-8334,2024-08-30T13:15:12.587,2024-09-03T12:59:02.453,Undergoing Analysis
CVE-2024-8374,2024-09-03T10:15:06.483,2024-09-03T12:59:02.453,Undergoing Analysis
CVE-2024-8335,2024-08-30T13:15:13.103,2024-09-03T12:59:02.453,Undergoing Analysis
CVE-2024-8395,2024-09-05T20:15:05.743,2024-09-06T12:08:04.550,Undergoing Analysis
CVE-2024-6019,2024-09-12T06:15:24.000,2024-09-12T19:35:20.560,Undergoing Analysis
CVE-2024-6018,2024-09-12T06:15:23.920,2024-09-12T19:35:20.327,Undergoing Analysis
CVE-2024-6017,2024-09-12T06:15:23.850,2024-09-12T18:35:23.097,Undergoing Analysis
CVE-2024-8762,2024-09-13T01:15:02.320,2024-09-13T01:15:02.320,Received
CVE-2024-8754,2024-09-12T17:15:06.917,2024-09-12T18:14:03.913,Undergoing Analysis
CVE-2024-8742,2024-09-13T07:15:08.083,2024-09-13T07:15:08.083,Received
CVE-2024-8751,2024-09-12T22:15:02.680,2024-09-12T22:15:02.680,Received
CVE-2024-35753,2024-06-08T11:15:49.193,2024-07-19T18:31:44.157,Undergoing Analysis
CVE-2024-21335,2024-07-09T17:15:12.487,2024-07-09T18:18:38.713,Undergoing Analysis
CVE-2024-21308,2024-07-09T17:15:11.337,2024-07-09T18:18:38.713,Undergoing Analysis
CVE-2024-21332,2024-07-09T17:15:12.033,2024-07-09T18:18:38.713,Undergoing Analysis
CVE-2024-21373,2024-07-09T17:15:12.857,2024-07-09T18:18:38.713,Undergoing Analysis
CVE-2024-21333,2024-07-09T17:15:12.260,2024-07-09T18:18:38.713,Undergoing Analysis
CVE-2024-21331,2024-07-09T17:15:11.800,2024-07-09T18:18:38.713,Undergoing Analysis
CVE-2024-21398,2024-07-09T17:15:13.103,2024-07-09T18:18:38.713,Undergoing Analysis
CVE-2024-21317,2024-07-09T17:15:11.573,2024-07-09T18:18:38.713,Undergoing Analysis
CVE-2024-0108,2024-08-08T17:15:18.473,2024-08-08T18:55:19.180,Undergoing Analysis
CVE-2024-0109,2024-08-31T09:15:05.140,2024-09-03T12:59:02.453,Undergoing Analysis
CVE-2024-0102,2024-08-08T17:15:18.013,2024-08-08T18:55:19.180,Undergoing Analysis
CVE-2024-0101,2024-08-08T17:15:17.560,2024-08-08T18:55:19.180,Undergoing Analysis
CVE-2024-0110,2024-08-31T09:15:05.990,2024-09-03T12:59:02.453,Undergoing Analysis
CVE-2024-0107,2024-08-08T17:15:18.240,2024-08-08T18:55:19.180,Undergoing Analysis
CVE-2024-0111,2024-08-31T09:15:06.593,2024-09-03T12:59:02.453,Undergoing Analysis
CVE-2024-44947,2024-09-02T18:15:36.577,2024-09-04T12:15:05.240,Undergoing Analysis
CVE-2024-44902,2024-09-09T20:15:05.170,2024-09-10T20:35:15.943,Undergoing Analysis
CVE-2024-44996,2024-09-04T20:15:08.413,2024-09-05T12:53:21.110,Undergoing Analysis
CVE-2024-39585,2024-09-06T05:15:13.590,2024-09-06T12:08:04.550,Undergoing Analysis
CVE-2024-46675,2024-09-13T06:15:12.117,2024-09-13T06:15:12.117,Received
CVE-2024-46680,2024-09-13T06:15:12.617,2024-09-13T06:15:12.617,Received
CVE-2024-46679,2024-09-13T06:15:12.530,2024-09-13T06:15:12.530,Received
CVE-2024-46696,2024-09-13T06:15:14.423,2024-09-13T06:15:14.423,Received
CVE-2024-46678,2024-09-13T06:15:12.450,2024-09-13T06:15:12.450,Received
CVE-2024-46697,2024-09-13T06:15:14.500,2024-09-13T06:15:14.500,Received
CVE-2024-46681,2024-09-13T06:15:12.710,2024-09-13T06:15:12.710,Received
CVE-2024-46674,2024-09-13T06:15:12.017,2024-09-13T06:15:12.017,Received
CVE-2024-46686,2024-09-13T06:15:13.280,2024-09-13T06:15:13.280,Received
CVE-2024-46690,2024-09-13T06:15:13.753,2024-09-13T06:15:13.753,Received
CVE-2024-46673,2024-09-13T06:15:11.917,2024-09-13T06:15:11.917,Received
CVE-2024-46691,2024-09-13T06:15:13.960,2024-09-13T06:15:13.960,Received
CVE-2024-46687,2024-09-13T06:15:13.377,2024-09-13T06:15:13.377,Received
CVE-2024-46692,2024-09-13T06:15:14.047,2024-09-13T06:15:14.047,Received
CVE-2024-46684,2024-09-13T06:15:13.103,2024-09-13T06:15:13.103,Received
CVE-2024-46688,2024-09-13T06:15:13.547,2024-09-13T06:15:13.547,Received
CVE-2024-46689,2024-09-13T06:15:13.653,2024-09-13T06:15:13.653,Received
CVE-2024-46685,2024-09-13T06:15:13.200,2024-09-13T06:15:13.200,Received
CVE-2024-46693,2024-09-13T06:15:14.140,2024-09-13T06:15:14.140,Received
CVE-2024-46698,2024-09-13T06:15:14.563,2024-09-13T06:15:14.563,Received
CVE-2024-46677,2024-09-13T06:15:12.360,2024-09-13T06:15:12.360,Received
CVE-2024-46694,2024-09-13T06:15:14.240,2024-09-13T06:15:14.240,Received
CVE-2024-46682,2024-09-13T06:15:12.793,2024-09-13T06:15:12.793,Received
CVE-2024-46683,2024-09-13T06:15:12.993,2024-09-13T06:15:12.993,Received
CVE-2024-46695,2024-09-13T06:15:14.320,2024-09-13T06:15:14.320,Received
CVE-2024-46699,2024-09-13T06:15:14.643,2024-09-13T06:15:14.643,Received
CVE-2024-46676,2024-09-13T06:15:12.223,2024-09-13T06:15:12.223,Received
CVE-2024-5624,2024-08-29T11:15:27.673,2024-08-29T13:25:27.537,Undergoing Analysis
CVE-2024-5628,2024-09-13T06:15:14.793,2024-09-13T06:15:14.793,Received
CVE-2024-5623,2024-08-29T11:15:27.563,2024-08-29T13:25:27.537,Undergoing Analysis
CVE-2024-5622,2024-08-29T11:15:27.447,2024-08-29T13:25:27.537,Undergoing Analysis
CVE-2024-5670,2024-07-29T03:15:02.167,2024-07-29T14:12:08.783,Undergoing Analysis
CVE-2024-38693,2024-08-29T14:15:08.680,2024-08-30T13:00:05.390,Undergoing Analysis
CVE-2024-41475,2024-08-12T17:15:17.257,2024-08-13T15:35:13.560,Undergoing Analysis
CVE-2024-7341,2024-09-09T19:15:14.450,2024-09-10T12:09:50.377,Undergoing Analysis
CVE-2024-7319,2024-08-02T21:16:31.180,2024-08-05T12:41:45.957,Undergoing Analysis
CVE-2024-7318,2024-09-09T19:15:14.237,2024-09-10T12:09:50.377,Undergoing Analysis
CVE-2024-7314,2024-08-02T17:16:41.400,2024-08-05T12:41:45.957,Undergoing Analysis
CVE-2024-1804,2024-07-27T02:15:10.060,2024-07-29T14:12:08.783,Undergoing Analysis
CVE-2024-45059,2024-08-28T21:15:07.473,2024-09-06T20:15:04.637,Undergoing Analysis
CVE-2024-45039,2024-09-06T13:15:04.400,2024-09-06T16:46:26.830,Undergoing Analysis
CVE-2024-45058,2024-08-28T21:15:07.283,2024-09-06T20:15:04.547,Undergoing Analysis
CVE-2024-45009,2024-09-11T16:15:06.427,2024-09-12T12:15:52.183,Undergoing Analysis
CVE-2024-45047,2024-08-30T17:15:15.377,2024-09-03T12:59:02.453,Undergoing Analysis
CVE-2024-45050,2024-09-04T16:15:07.480,2024-09-05T12:53:21.110,Undergoing Analysis
CVE-2024-45057,2024-08-28T21:15:07.027,2024-09-06T20:15:04.443,Undergoing Analysis
CVE-2024-45040,2024-09-06T13:15:04.893,2024-09-06T16:46:26.830,Undergoing Analysis
CVE-2024-43180,2024-09-13T02:15:01.887,2024-09-13T02:15:01.887,Received
CVE-2024-43144,2024-08-29T15:15:28.530,2024-08-30T13:00:05.390,Undergoing Analysis
CVE-2024-43132,2024-08-29T15:15:28.327,2024-08-30T13:00:05.390,Undergoing Analysis
CVE-2024-43117,2024-08-26T21:15:24.560,2024-08-27T13:02:05.683,Undergoing Analysis
CVE-2024-43116,2024-08-26T21:15:24.360,2024-08-27T13:02:05.683,Undergoing Analysis
CVE-2024-1621,2024-09-02T20:15:03.223,2024-09-03T12:59:02.453,Undergoing Analysis
CVE-2024-45442,2024-09-04T02:15:04.180,2024-09-04T13:05:36.067,Undergoing Analysis
CVE-2024-45401,2024-09-05T18:15:06.227,2024-09-06T12:08:21.290,Undergoing Analysis
CVE-2024-45440,2024-08-29T11:15:27.083,2024-09-12T16:15:06.943,Undergoing Analysis
CVE-2024-45400,2024-09-06T00:15:02.507,2024-09-06T12:08:04.550,Undergoing Analysis
CVE-2024-45411,2024-09-09T19:15:13.543,2024-09-10T12:09:50.377,Undergoing Analysis
CVE-2024-7700,2024-08-12T17:15:18.607,2024-08-12T18:57:17.383,Undergoing Analysis
CVE-2024-7717,2024-08-31T09:15:07.297,2024-09-03T12:59:02.453,Undergoing Analysis
CVE-2024-7722,2024-08-21T16:15:10.580,2024-08-21T17:24:59.627,Undergoing Analysis
CVE-2024-7723,2024-08-21T16:15:10.760,2024-08-21T17:24:59.627,Undergoing Analysis
CVE-2024-7724,2024-08-21T16:15:10.933,2024-08-21T17:24:59.627,Undergoing Analysis
CVE-2024-7732,2024-08-14T07:15:16.477,2024-08-14T13:00:37.107,Undergoing Analysis
CVE-2024-7725,2024-08-21T16:15:11.120,2024-08-21T17:24:59.627,Undergoing Analysis
CVE-2024-7705,2024-08-12T23:15:19.113,2024-08-13T12:58:25.437,Undergoing Analysis
CVE-2024-20440,2024-09-04T17:15:13.517,2024-09-05T12:53:21.110,Undergoing Analysis
CVE-2024-20439,2024-09-04T17:15:13.210,2024-09-05T12:53:21.110,Undergoing Analysis
CVE-2024-41005,2024-07-12T13:15:21.310,2024-07-12T16:34:58.687,Undergoing Analysis
CVE-2024-38816,2024-09-13T06:15:11.190,2024-09-13T06:15:11.190,Received
CVE-2024-38877,2024-08-02T11:16:41.957,2024-08-13T08:15:11.140,Undergoing Analysis
CVE-2024-38876,2024-08-02T11:16:41.643,2024-08-13T08:15:10.983,Undergoing Analysis
CVE-2024-38811,2024-09-03T10:15:05.477,2024-09-03T12:59:02.453,Undergoing Analysis
CVE-2024-38879,2024-08-02T11:16:42.510,2024-08-13T08:15:11.433,Undergoing Analysis
CVE-2024-38878,2024-08-02T11:16:42.260,2024-08-13T08:15:11.293,Undergoing Analysis
CVE-2024-5290,2024-08-07T09:16:05.553,2024-09-11T16:15:07.903,Undergoing Analysis
CVE-2024-3913,2024-08-13T13:15:12.750,2024-08-13T17:11:53.553,Undergoing Analysis
CVE-2024-3930,2024-07-30T19:15:10.573,2024-07-31T12:57:02.300,Undergoing Analysis
CVE-2024-6793,2024-07-22T21:15:04.547,2024-07-24T12:55:13.223,Undergoing Analysis
CVE-2024-6701,2024-09-12T15:18:26.953,2024-09-12T18:14:03.913,Undergoing Analysis
CVE-2024-6700,2024-09-12T15:18:26.757,2024-09-12T18:14:03.913,Undergoing Analysis
CVE-2024-6794,2024-07-22T21:15:04.733,2024-07-24T12:55:13.223,Undergoing Analysis
CVE-2024-6723,2024-09-13T06:15:15.353,2024-09-13T06:15:15.353,Received
CVE-2024-6702,2024-09-12T15:18:27.133,2024-09-12T18:14:03.913,Undergoing Analysis
CVE-2024-6791,2024-07-22T21:15:04.360,2024-07-24T12:55:13.223,Undergoing Analysis
CVE-2024-21428,2024-07-09T17:15:13.973,2024-07-09T18:18:38.713,Undergoing Analysis
CVE-2024-21425,2024-07-09T17:15:13.770,2024-07-09T18:18:38.713,Undergoing Analysis
CVE-2024-21414,2024-07-09T17:15:13.327,2024-07-09T18:18:38.713,Undergoing Analysis
CVE-2024-21415,2024-07-09T17:15:13.550,2024-07-09T18:18:38.713,Undergoing Analysis
CVE-2024-8006,2024-08-31T00:15:05.743,2024-09-03T12:59:02.453,Undergoing Analysis
CVE-2024-40060,2024-07-23T15:15:04.810,2024-08-16T21:35:11.560,Undergoing Analysis
CVE-2024-37547,2024-07-06T15:15:10.500,2024-07-19T11:15:02.250,Undergoing Analysis
CVE-2024-39210,2024-07-05T16:15:05.230,2024-07-09T16:22:51.927,Undergoing Analysis
CVE-2024-39278,2024-09-05T23:15:12.233,2024-09-06T12:08:04.550,Undergoing Analysis
CVE-2024-37100,2024-07-22T10:15:04.173,2024-07-26T13:27:50.583,Undergoing Analysis
CVE-2024-39641,2024-08-26T21:15:23.657,2024-08-27T13:02:05.683,Undergoing Analysis
CVE-2024-39657,2024-08-26T21:15:24.083,2024-08-27T13:02:05.683,Undergoing Analysis
CVE-2024-39626,2024-08-01T23:15:50.920,2024-08-02T12:59:43.990,Undergoing Analysis
CVE-2024-39653,2024-08-29T15:15:27.297,2024-08-30T13:00:05.390,Undergoing Analysis
CVE-2024-39645,2024-08-26T21:15:23.873,2024-08-27T13:02:05.683,Undergoing Analysis
CVE-2024-39628,2024-08-26T21:15:23.430,2024-08-27T13:02:05.683,Undergoing Analysis
CVE-2024-39638,2024-08-29T15:15:27.093,2024-08-30T13:00:05.390,Undergoing Analysis
CVE-2024-39658,2024-08-29T15:15:27.493,2024-08-30T13:00:05.390,Undergoing Analysis
CVE-2024-4612,2024-09-12T17:15:04.740,2024-09-12T18:14:03.913,Undergoing Analysis
CVE-2024-4629,2024-09-03T20:15:09.003,2024-09-09T19:15:13.760,Undergoing Analysis
CVE-2024-4638,2024-06-25T09:15:57.413,2024-06-25T12:24:17.873,Undergoing Analysis
CVE-2024-4639,2024-06-25T10:15:19.897,2024-06-25T12:24:17.873,Undergoing Analysis
CVE-2024-4641,2024-06-25T10:15:21.000,2024-06-25T12:24:17.873,Undergoing Analysis
CVE-2024-4640,2024-06-25T10:15:20.780,2024-06-25T12:24:17.873,Undergoing Analysis
CVE-2024-4660,2024-09-12T17:15:04.937,2024-09-12T18:14:03.913,Undergoing Analysis
CVE-2024-31070,2024-07-17T09:15:02.813,2024-08-01T13:50:44.860,Undergoing Analysis
CVE-2024-2762,2024-06-13T06:15:11.003,2024-07-22T18:31:03.357,Undergoing Analysis
CVE-2024-2743,2024-09-12T17:15:04.177,2024-09-12T18:14:03.913,Undergoing Analysis
CVE-2024-6326,2024-07-16T17:15:12.117,2024-07-16T18:00:02.110,Undergoing Analysis
CVE-2024-6389,2024-09-12T17:15:05.340,2024-09-12T18:14:03.913,Undergoing Analysis
CVE-2024-8462,2024-09-05T13:15:12.050,2024-09-05T17:45:07.877,Undergoing Analysis
CVE-2024-6920,2024-09-02T18:15:38.477,2024-09-03T12:59:02.453,Undergoing Analysis
CVE-2024-6921,2024-09-02T18:15:38.617,2024-09-03T12:59:02.453,Undergoing Analysis
CVE-2024-6919,2024-09-02T18:15:38.290,2024-09-03T12:59:02.453,Undergoing Analysis
CVE-2024-27114,2024-09-11T14:15:13.040,2024-09-12T14:35:12.397,Undergoing Analysis
CVE-2024-3679,2024-08-29T13:15:06.627,2024-08-29T13:25:27.537,Undergoing Analysis
CVE-2024-38793,2024-08-29T15:15:26.260,2024-08-30T13:00:05.390,Undergoing Analysis
CVE-2024-22442,2024-07-16T16:15:04.017,2024-09-05T17:12:12.433,Undergoing Analysis
CVE-2024-7863,2024-09-13T06:15:15.650,2024-09-13T06:15:15.650,Received
CVE-2024-7864,2024-09-13T06:15:15.720,2024-09-13T06:15:15.720,Received
CVE-2024-7888,2024-09-13T07:15:06.500,2024-09-13T07:15:06.500,Received
CVE-2024-7856,2024-08-29T11:15:29.173,2024-08-29T13:25:27.537,Undergoing Analysis
CVE-2024-7895,2024-08-29T11:15:29.390,2024-08-29T13:25:27.537,Undergoing Analysis
CVE-2024-1384,2024-08-29T13:15:05.793,2024-08-29T13:25:27.537,Undergoing Analysis
CVE-2024-45111,2024-09-13T09:15:13.263,2024-09-13T09:15:13.263,Received
CVE-2024-45176,2024-09-05T16:15:08.630,2024-09-05T17:44:56.007,Undergoing Analysis
CVE-2024-45180,2024-09-03T20:15:08.097,2024-09-04T13:05:36.067,Undergoing Analysis
CVE-2024-45159,2024-09-05T19:15:13.150,2024-09-06T12:08:04.550,Undergoing Analysis
CVE-2024-45108,2024-09-13T10:15:15.747,2024-09-13T10:15:15.747,Received
CVE-2024-45112,2024-09-13T09:15:13.947,2024-09-13T09:15:13.947,Received
CVE-2024-45113,2024-09-13T10:15:16.737,2024-09-13T10:15:16.737,Received
CVE-2024-45109,2024-09-13T10:15:16.243,2024-09-13T10:15:16.243,Received
CVE-2024-7260,2024-09-09T19:15:14.033,2024-09-10T12:09:50.377,Undergoing Analysis
CVE-2024-7261,2024-09-03T03:15:03.940,2024-09-03T12:59:02.453,Undergoing Analysis
CVE-2024-34121,2024-09-13T09:15:02.943,2024-09-13T09:15:02.943,Received
CVE-2024-20503,2024-09-04T17:15:14.200,2024-09-05T12:53:21.110,Undergoing Analysis
CVE-2024-28928,2024-07-09T17:15:15.447,2024-07-09T18:18:38.713,Undergoing Analysis
CVE-2024-1798,2024-07-27T02:15:09.800,2024-07-29T14:12:08.783,Undergoing Analysis
CVE-2024-5342,2024-06-06T02:15:55.087,2024-07-23T20:20:19.420,Undergoing Analysis
CVE-2024-38348,2024-06-18T17:15:52.677,2024-07-11T02:50:33.110,Undergoing Analysis
CVE-2024-36491,2024-07-17T09:15:03.090,2024-08-01T13:52:56.787,Undergoing Analysis
CVE-2024-36475,2024-07-17T09:15:03.013,2024-08-01T13:52:54.403,Undergoing Analysis
CVE-2024-5984,2024-06-14T02:15:10.443,2024-07-24T02:37:30.717,Undergoing Analysis
CVE-2024-21591,2024-01-12T01:15:46.697,2024-02-10T00:15:07.937,Undergoing Analysis
CVE-2024-8105,2024-08-26T20:15:08.380,2024-09-09T21:35:17.320,Undergoing Analysis
CVE-2024-8144,2024-08-25T04:15:03.867,2024-08-26T12:47:20.187,Undergoing Analysis
CVE-2024-8145,2024-08-25T06:15:03.910,2024-08-26T12:47:20.187,Undergoing Analysis
CVE-2024-8124,2024-09-12T17:15:06.007,2024-09-12T18:14:03.913,Undergoing Analysis
CVE-2024-8108,2024-08-31T09:15:07.937,2024-09-03T12:59:02.453,Undergoing Analysis
CVE-2024-8195,2024-08-28T14:15:08.990,2024-08-28T14:31:24.487,Undergoing Analysis
CVE-2024-8120,2024-08-24T03:15:04.543,2024-08-26T12:47:20.187,Undergoing Analysis
CVE-2024-8146,2024-08-25T08:15:03.597,2024-08-26T12:47:20.187,Undergoing Analysis
CVE-2024-35118,2024-08-29T16:15:08.613,2024-08-30T13:00:05.390,Undergoing Analysis
CVE-2024-6617,2024-09-13T06:15:15.290,2024-09-13T06:15:15.290,Received
CVE-2024-6656,2024-09-13T09:15:14.487,2024-09-13T09:15:14.487,Received
CVE-2024-33016,2024-09-02T12:15:15.793,2024-09-03T12:59:02.453,Undergoing Analysis
CVE-2024-33003,2024-08-13T04:15:07.380,2024-08-13T12:58:25.437,Undergoing Analysis
CVE-2024-33035,2024-09-02T12:15:16.053,2024-09-03T12:59:02.453,Undergoing Analysis
CVE-2024-42495,2024-09-05T23:15:12.520,2024-09-06T12:08:04.550,Undergoing Analysis
CVE-2024-42482,2024-08-12T16:15:16.213,2024-08-12T18:57:17.383,Undergoing Analysis
CVE-2024-42485,2024-08-12T16:15:16.453,2024-08-12T18:57:17.383,Undergoing Analysis
CVE-2024-42489,2024-08-12T16:15:16.667,2024-08-12T18:57:17.383,Undergoing Analysis
CVE-2024-42471,2024-09-02T18:15:35.540,2024-09-03T12:59:02.453,Undergoing Analysis
CVE-2024-42474,2024-08-12T17:15:17.513,2024-08-12T18:57:17.383,Undergoing Analysis
CVE-2024-42481,2024-08-12T16:15:15.990,2024-08-12T18:57:29.247,Undergoing Analysis
CVE-2024-39381,2024-09-13T09:15:04.900,2024-09-13T09:15:04.900,Received
CVE-2024-39380,2024-09-13T09:15:03.917,2024-09-13T09:15:03.917,Received
CVE-2024-39385,2024-09-13T09:15:07.470,2024-09-13T09:15:07.470,Received
CVE-2024-39384,2024-09-13T09:15:06.620,2024-09-13T09:15:06.620,Received
CVE-2024-39377,2024-09-13T07:15:02.390,2024-09-13T07:15:02.390,Received
CVE-2024-39382,2024-09-13T09:15:05.770,2024-09-13T09:15:05.770,Received
CVE-2024-37476,2024-07-04T18:15:10.210,2024-07-19T16:52:39.713,Undergoing Analysis
CVE-2024-39921,2024-09-04T03:15:03.300,2024-09-04T13:05:36.067,Undergoing Analysis
CVE-2024-39747,2024-08-31T02:15:12.243,2024-09-03T12:59:02.453,Undergoing Analysis
CVE-2024-37034,2024-07-26T22:15:03.853,2024-07-29T14:12:08.783,Undergoing Analysis
CVE-2024-6805,2024-07-22T21:15:04.940,2024-07-24T12:55:13.223,Undergoing Analysis
CVE-2024-6806,2024-07-22T21:15:05.133,2024-07-24T12:55:13.223,Undergoing Analysis
CVE-2024-6850,2024-09-13T06:15:15.437,2024-09-13T06:15:15.437,Received
CVE-2024-42036,2024-08-08T10:15:07.967,2024-08-08T13:04:18.753,Undergoing Analysis
CVE-2024-42037,2024-08-08T10:15:08.323,2024-08-08T13:04:18.753,Undergoing Analysis
CVE-2024-42038,2024-08-08T10:15:08.700,2024-08-08T13:04:18.753,Undergoing Analysis
CVE-2024-42052,2024-07-28T03:15:02.223,2024-07-29T14:12:08.783,Undergoing Analysis
CVE-2024-42033,2024-08-08T10:15:06.813,2024-08-08T13:04:18.753,Undergoing Analysis
CVE-2024-21144,2024-07-16T23:15:15.810,2024-07-19T14:15:05.497,Undergoing Analysis
CVE-2024-21145,2024-07-16T23:15:15.993,2024-07-19T14:15:05.580,Undergoing Analysis
CVE-2024-8517,2024-09-06T16:15:03.793,2024-09-09T16:15:03.053,Undergoing Analysis
CVE-2024-6204,2024-08-30T17:15:15.610,2024-09-03T12:59:02.453,Undergoing Analysis
CVE-2024-1056,2024-08-29T14:15:08.270,2024-08-30T13:00:05.390,Undergoing Analysis
CVE-2024-43342,2024-08-18T14:15:07.993,2024-08-19T12:59:59.177,Undergoing Analysis
CVE-2024-43335,2024-08-18T14:15:07.800,2024-08-19T12:59:59.177,Undergoing Analysis
CVE-2024-43324,2024-08-18T14:15:06.990,2024-08-19T12:59:59.177,Undergoing Analysis
CVE-2024-43329,2024-08-18T14:15:07.400,2024-08-19T12:59:59.177,Undergoing Analysis
CVE-2024-43330,2024-08-18T14:15:07.597,2024-08-19T12:59:59.177,Undergoing Analysis
CVE-2024-43327,2024-08-18T14:15:07.197,2024-08-19T12:59:59.177,Undergoing Analysis
CVE-2024-7161,2024-07-28T16:15:02.047,2024-07-29T14:12:08.783,Undergoing Analysis
CVE-2024-7145,2024-08-16T14:15:15.187,2024-08-19T13:00:23.117,Undergoing Analysis
CVE-2024-7129,2024-09-13T06:15:15.507,2024-09-13T06:15:15.507,Received
CVE-2024-7144,2024-08-16T14:15:14.690,2024-08-19T13:00:23.117,Undergoing Analysis
CVE-2024-7133,2024-09-13T06:15:15.580,2024-09-13T06:15:15.580,Received
CVE-2024-7143,2024-08-07T17:15:52.337,2024-08-07T19:09:46.290,Undergoing Analysis
CVE-2024-7162,2024-07-28T16:15:02.347,2024-07-29T14:12:08.783,Undergoing Analysis
CVE-2024-43922,2024-08-29T15:15:29.227,2024-08-30T13:00:05.390,Undergoing Analysis
CVE-2024-43918,2024-08-29T15:15:29.010,2024-09-06T15:51:25.957,Undergoing Analysis
CVE-2024-43939,2024-08-29T15:15:29.633,2024-08-30T16:29:15.177,Undergoing Analysis
CVE-2024-43940,2024-08-29T15:15:29.833,2024-08-30T16:27:22.270,Undergoing Analysis
CVE-2024-43917,2024-08-29T15:15:28.753,2024-08-30T13:00:05.390,Undergoing Analysis
CVE-2024-43967,2024-08-26T16:15:10.107,2024-08-26T19:10:09.607,Undergoing Analysis
CVE-2024-43966,2024-08-26T15:15:08.820,2024-08-26T15:15:23.727,Undergoing Analysis
CVE-2024-43931,2024-08-29T15:15:29.427,2024-08-30T13:00:05.390,Undergoing Analysis
CVE-2024-41651,2024-08-12T17:15:17.373,2024-08-14T21:35:07.780,Undergoing Analysis
CVE-2024-41685,2024-07-26T12:15:02.977,2024-08-06T12:51:23.760,Undergoing Analysis
CVE-2024-36989,2024-07-01T17:15:07.380,2024-08-02T15:11:57.347,Undergoing Analysis
CVE-2024-36996,2024-07-01T17:15:08.917,2024-08-02T14:47:12.667,Undergoing Analysis
CVE-2024-5435,2024-09-12T17:15:05.147,2024-09-12T18:14:03.913,Undergoing Analysis
CVE-2024-38483,2024-08-14T10:15:06.623,2024-08-14T13:00:37.107,Undergoing Analysis
CVE-2024-38486,2024-09-06T05:15:13.370,2024-09-06T12:08:04.550,Undergoing Analysis
CVE-2024-41870,2024-09-13T07:15:03.750,2024-09-13T07:15:03.750,Received
CVE-2024-41867,2024-09-13T09:15:10.620,2024-09-13T09:15:10.620,Received
CVE-2024-41871,2024-09-13T07:15:04.097,2024-09-13T07:15:04.097,Received
CVE-2024-41857,2024-09-13T09:15:09.350,2024-09-13T09:15:09.350,Received
CVE-2024-41815,2024-07-26T21:15:14.370,2024-07-29T14:12:08.783,Undergoing Analysis
CVE-2024-41874,2024-09-13T10:15:12.447,2024-09-13T10:15:12.447,Received
CVE-2024-41859,2024-09-13T09:15:10.057,2024-09-13T09:15:10.057,Received
CVE-2024-41872,2024-09-13T07:15:04.440,2024-09-13T07:15:04.440,Received
CVE-2024-41869,2024-09-13T09:15:11.257,2024-09-13T09:15:11.257,Received
CVE-2024-41873,2024-09-13T07:15:04.790,2024-09-13T07:15:04.790,Received
CVE-2024-5057,2024-08-29T14:15:09.080,2024-08-30T13:00:05.390,Undergoing Analysis
CVE-2024-38085,2024-07-09T17:15:44.080,2024-07-12T15:46:00.290,Undergoing Analysis
CVE-2024-3121,2024-06-24T00:15:09.680,2024-06-24T12:57:36.513,Undergoing Analysis
CVE-2024-45618,2024-09-03T22:15:05.313,2024-09-04T18:15:05.670,Undergoing Analysis
CVE-2024-45615,2024-09-03T22:15:04.687,2024-09-04T18:15:05.377,Undergoing Analysis
CVE-2024-45616,2024-09-03T22:15:04.893,2024-09-04T18:15:05.480,Undergoing Analysis
CVE-2024-45621,2024-09-02T19:15:13.073,2024-09-03T12:59:02.453,Undergoing Analysis
CVE-2024-45617,2024-09-03T22:15:05.107,2024-09-04T18:15:05.580,Undergoing Analysis
CVE-2024-7591,2024-09-05T18:15:06.480,2024-09-06T12:08:21.290,Undergoing Analysis
CVE-2024-7553,2024-08-07T10:15:39.493,2024-08-07T15:17:46.717,Undergoing Analysis
CVE-2024-43797,2024-09-02T18:15:36.073,2024-09-03T12:59:02.453,Undergoing Analysis
CVE-2024-43758,2024-09-13T09:15:11.970,2024-09-13T09:15:11.970,Received
CVE-2024-43759,2024-09-13T09:15:12.457,2024-09-13T09:15:12.457,Received
CVE-2024-43756,2024-09-13T10:15:14.680,2024-09-13T10:15:14.680,Received
CVE-2024-43760,2024-09-13T10:15:15.230,2024-09-13T10:15:15.230,Received
CVE-2024-43792,2024-09-02T18:15:35.807,2024-09-03T12:59:02.453,Undergoing Analysis
CVE-2024-28020,2024-06-11T19:16:05.787,2024-08-15T21:32:33.467,Undergoing Analysis
CVE-2024-40865,2024-09-06T02:15:02.297,2024-09-06T12:08:04.550,Undergoing Analysis
CVE-2024-4005,2024-06-14T06:15:12.753,2024-07-29T16:35:52.363,Undergoing Analysis
CVE-2024-23364,2024-09-02T12:15:15.360,2024-09-03T12:59:02.453,Undergoing Analysis
CVE-2024-23365,2024-09-02T12:15:15.570,2024-09-03T12:59:02.453,Undergoing Analysis
CVE-2024-23362,2024-09-02T12:15:15.117,2024-09-03T12:59:02.453,Undergoing Analysis
CVE-2024-23358,2024-09-02T12:15:14.207,2024-09-03T12:59:02.453,Undergoing Analysis
CVE-2024-23359,2024-09-02T12:15:14.890,2024-09-03T12:59:02.453,Undergoing Analysis
CVE-2024-8260,2024-08-30T13:15:12.347,2024-09-03T12:59:02.453,Undergoing Analysis
CVE-2024-8276,2024-08-31T08:15:05.507,2024-09-03T12:59:02.453,Undergoing Analysis
CVE-2024-8285,2024-08-30T22:15:06.963,2024-09-03T12:59:02.453,Undergoing Analysis
CVE-2024-8235,2024-08-30T17:15:15.783,2024-09-03T12:59:02.453,Undergoing Analysis
CVE-2024-44872,2024-09-10T17:15:37.517,2024-09-10T20:35:13.703,Undergoing Analysis
CVE-2024-44871,2024-09-10T17:15:37.433,2024-09-10T20:35:12.513,Undergoing Analysis
CVE-2024-42374,2024-08-13T04:15:10.283,2024-08-13T12:58:25.437,Undergoing Analysis
CVE-2024-42365,2024-08-08T17:15:19.340,2024-08-08T18:55:19.180,Undergoing Analysis
CVE-2024-8631,2024-09-12T17:15:06.230,2024-09-12T18:14:03.913,Undergoing Analysis
CVE-2024-8640,2024-09-12T17:15:06.647,2024-09-12T18:14:03.913,Undergoing Analysis
CVE-2024-8656,2024-09-13T04:15:04.280,2024-09-13T04:15:04.280,Received
CVE-2024-8635,2024-09-12T17:15:06.437,2024-09-12T18:14:03.913,Undergoing Analysis
CVE-2024-8663,2024-09-13T07:15:07.113,2024-09-13T07:15:07.113,Received
CVE-2024-8664,2024-09-13T07:15:07.487,2024-09-13T07:15:07.487,Received
CVE-2024-8665,2024-09-13T07:15:07.797,2024-09-13T07:15:07.797,Received
CVE-2024-35649,2024-06-04T15:15:46.007,2024-06-06T13:26:46.537,Undergoing Analysis
CVE-2024-46710,2024-09-13T07:15:05.880,2024-09-13T07:15:05.880,Received
CVE-2024-46706,2024-09-13T07:15:05.560,2024-09-13T07:15:05.560,Received
CVE-2024-46707,2024-09-13T07:15:05.643,2024-09-13T07:15:05.643,Received
CVE-2024-46711,2024-09-13T07:15:05.953,2024-09-13T07:15:05.953,Received
CVE-2024-46700,2024-09-13T06:15:14.720,2024-09-13T06:15:14.720,Received
CVE-2024-46701,2024-09-13T07:15:05.127,2024-09-13T07:15:05.127,Received
CVE-2024-46702,2024-09-13T07:15:05.217,2024-09-13T07:15:05.217,Received
CVE-2024-46703,2024-09-13T07:15:05.317,2024-09-13T07:15:05.317,Received
CVE-2024-46708,2024-09-13T07:15:05.717,2024-09-13T07:15:05.717,Received
CVE-2024-46704,2024-09-13T07:15:05.397,2024-09-13T07:15:05.397,Received
CVE-2024-46712,2024-09-13T07:15:06.030,2024-09-13T07:15:06.030,Received
CVE-2024-46705,2024-09-13T07:15:05.477,2024-09-13T07:15:05.477,Received
CVE-2024-46709,2024-09-13T07:15:05.793,2024-09-13T07:15:05.793,Received
CVE-2024-4499,2024-06-24T03:15:09.797,2024-06-24T12:57:36.513,Undergoing Analysis
